TP9,AF7,AF8,TP10,Right AUX
267.949,455.311,749.451,499.634,678.132
586.667,710.366,395.678,634.615,650.33
253.443,548.791,684.579,491.172,558.059
291.319,594.725,679.341,520.989,507.692
576.593,1067.766,896.117,711.172,595.934
747.033,571.355,744.212,734.139,835.275
1096.777,1242.637,1037.949,985.568,793.773
511.319,414.615,603.59,636.227,655.165
1100.806,1126.19,995.238,923.516,890.879
529.048,779.67,798.205,693.443,594.322
313.48,465.385,629.78,545.971,643.077
493.187,737.363,788.938,650.733,657.18
1235.788,1099.597,957.363,1012.967,790.147
832.454,983.15,958.169,826.41,758.315
371.502,495.604,582.637,570.952,592.308
1136.264,1170.513,999.267,987.582,821.172
518.169,610.037,645.495,674.103,714.799
1191.465,1025.055,940.037,990.806,780.879
967.033,1323.626,1112.088,843.333,775.238
1199.927,800.22,866.3,1046.007,1133.04
1156.41,1230.549,1040.769,977.106,848.571
1032.308,905.788,838.498,887.656,878.791
599.963,608.425,662.418,704.725,648.718
1141.099,1027.07,958.974,971.465,887.253
480.293,563.7,599.56,659.597,553.626
1085.495,692.234,771.612,960.989,981.941
473.04,858.242,790.549,623.333,605.604
410.586,517.363,581.026,581.026,723.663
643.48,953.333,880.806,735.751,710.366
801.026,794.982,718.022,807.875,751.868
904.579,1118.132,979.121,872.344,697.473
1024.652,770.806,782.894,908.608,905.385
1103.626,954.945,872.747,961.392,844.139
1156.41,1091.135,950.11,997.656,838.901
271.978,715.604,717.216,440.806,550
714.799,640.659,682.967,711.172,766.374
458.938,513.333,603.59,647.509,585.861
493.993,613.26,655.165,610.037,605.201
916.264,984.359,839.707,884.432,831.245
792.967,603.993,664.835,776.85,796.19
1131.026,1101.612,1001.685,999.67,863.48
1011.355,853.407,847.766,933.187,881.612
657.18,1075.421,920.696,719.231,614.066
752.674,444.029,599.158,756.3,898.535
911.429,754.286,728.498,890.073,721.648
550.806,608.425,614.469,648.718,614.066
1231.355,1310.733,1075.018,1086.3,886.044
532.674,670.879,0,574.176,494.799
1154.799,528.645,983.15,1587.143,702.308
794.579,1060.11,535.092,732.93,952.527
790.952,1140.696,701.502,717.619,601.575
721.648,528.645,525.018,606.813,772.418
1013.37,1627.436,996.044,1243.846,829.634
755.092,1243.04,1032.711,810.696,641.868
672.088,0,457.729,722.454,728.901
602.381,888.462,403.736,348.132,519.377
1064.139,1351.429,884.835,1123.773,910.623
703.114,0,1039.56,550,588.278
1494.872,0.806,115.238,1399.377,803.443
751.868,980.733,932.381,834.066,728.095
1032.711,1162.857,969.853,1028.278,1008.535
507.692,213.15,544.762,458.132,531.868
887.253,581.831,735.751,874.359,1068.974
961.392,965.018,805.861,961.392,838.095
1061.319,1321.612,757.509,1080.256,991.209
825.201,770,730.11,814.322,544.359
852.198,1263.187,1018.608,866.703,711.978
424.286,118.864,453.7,402.125,816.337
795.385,702.308,692.234,803.04,758.315
1004.103,1356.667,1079.048,1027.473,900.549
544.762,333.223,555.641,533.883,534.286
929.158,928.352,807.07,937.216,847.766
861.465,606.007,718.828,863.077,877.18
870.733,1249.084,1051.245,881.209,712.381
564.505,165.201,487.143,531.062,536.3
839.304,1298.645,1075.421,847.766,740.586
622.93,985.165,923.516,576.19,515.348
884.835,826.007,746.63,886.447,904.176
560.073,471.429,707.143,558.864,483.919
516.557,55.201,478.278,404.542,489.158
1021.026,1583.114,1158.828,1083.077,960.183
673.7,708.352,851.795,639.451,605.201
1024.652,967.436,982.344,1068.974,1266.813
492.784,333.223,580.623,436.374,407.363
830.037,1228.938,1068.571,848.169,769.597
715.604,1007.729,927.949,710.769,628.571
468.205,409.377,665.641,476.667,494.396
486.337,176.886,521.795,427.912,481.099
981.538,1050.44,820.366,978.718,820.366
689.414,426.3,612.857,662.82,632.601
752.271,550,647.106,713.59,731.722
1030.696,1588.755,1096.374,1070.183,889.267
570.952,506.484,611.245,494.396,532.271
535.495,179.304,557.656,495.201,495.604
986.374,1101.209,871.538,1002.894,927.949
1105.238,1419.927,998.059,1120.952,921.502
494.799,112.418,515.751,436.777,606.813
990,848.169,804.652,1042.381,946.081
691.429,526.63,872.747,672.894,657.985
911.026,1254.322,855.421,955.751,869.927
566.923,420.256,620.11,502.051,497.216
924.725,1190.256,928.352,969.048,1008.132
855.018,1333.7,1038.755,860.659,767.18
590.293,290.916,579.011,643.883,620.11
954.542,544.762,758.315,967.839,1264.396
1100,1529.927,1079.048,1110.073,958.571
842.93,921.099,788.535,833.26,823.993
752.674,445.641,654.359,753.48,788.535
719.231,580.22,705.934,557.656,498.828
953.333,1246.264,963.81,1008.535,942.051
944.066,1212.015,929.56,987.985,921.099
735.348,985.971,905.385,763.15,739.377
784.908,720.037,683.37,778.462,666.044
1116.923,1307.106,0,904.982,834.872
799.414,320.733,420.659,738.571,807.07
656.777,748.242,916.264,711.575,861.465
963.004,1423.956,963.81,962.198,809.487
610.842,322.344,559.67,581.429,562.491
919.89,1614.139,1620.183,959.78,711.172
933.59,1481.575,1077.436,956.96,750.659
447.656,305.018,613.663,303.004,633.407
853.407,887.253,844.542,873.15,786.923
726.081,750.256,861.465,721.648,733.736
712.381,838.498,867.509,707.949,686.19
930.366,922.308,875.971,867.509,746.63
642.674,547.985,646.3,647.106,614.469
882.418,835.678,885.641,858.645,1017.399
673.7,837.289,774.432,725.275,605.604
847.363,808.278,811.905,830.44,783.7
756.3,782.088,734.542,762.747,681.758
444.029,707.949,666.044,503.26,653.956
782.088,1035.531,936.41,812.308,767.582
753.883,541.538,667.656,730.11,737.766
930.366,1201.135,1034.725,908.608,871.136
576.996,489.963,597.949,678.132,643.077
939.231,1336.52,1109.67,890.476,824.396
630.586,327.985,546.777,691.026,647.106
777.656,473.443,609.231,734.542,729.304
854.615,628.571,731.319,843.333,811.905
454.103,206.703,348.938,436.374,722.051
931.172,1330.073,1093.553,954.139,746.227
527.839,292.125,483.516,518.169,519.377
692.234,913.846,842.93,742.198,655.971
773.626,570.549,665.641,773.223,681.355
886.044,1417.509,1178.974,884.835,938.828
686.593,383.59,558.864,673.297,672.088
1014.176,1323.626,1148.755,1019.817,867.106
1094.359,1253.516,1112.491,1070.989,1005.714
487.949,304.615,434.762,514.139,664.835
579.414,358.205,500.44,585.055,612.857
1043.993,1321.209,1128.608,992.418,929.963
643.077,144.249,411.392,641.465,664.835
1025.458,1043.59,940.44,981.538,890.476
542.747,661.612,659.597,579.011,560.476
857.839,620.11,710.366,843.736,851.795
680.952,398.095,574.579,681.758,673.297
844.945,641.062,729.304,824.396,834.872
726.886,471.429,591.905,711.575,657.18
791.758,601.172,676.117,774.835,826.007
871.538,999.67,933.59,879.597,737.363
761.941,799.817,741.795,769.194,659.194
825.604,609.634,704.725,824.396,771.612
857.839,939.634,876.777,857.839,812.711
791.355,1048.828,870.33,785.714,622.93
751.062,571.758,617.692,736.557,751.868
860.256,1023.443,909.011,838.901,767.18
870.33,667.656,780.879,846.154,803.846
853.81,1191.868,994.835,888.462,720.037
708.755,589.487,655.568,725.678,730.916
774.835,691.831,735.751,768.388,500.842
830.842,1041.575,997.656,872.747,759.927
838.095,1172.93,983.553,860.256,762.344
818.352,677.326,738.169,828.425,806.264
853.004,795.788,836.081,855.824,771.612
720.842,792.564,681.355,693.04,658.791
819.56,736.96,668.059,798.608,699.084
889.267,930.769,827.216,909.817,828.828
874.359,1087.106,927.949,912.637,734.542
756.703,898.132,808.681,743.004,562.491
718.022,299.377,558.059,674.505,772.82
716.41,638.242,693.04,679.341,618.095
710.366,488.755,659.194,686.19,645.495
821.172,525.824,711.978,832.454,1022.234
749.048,949.707,875.568,744.212,697.875
915.055,1068.974,908.608,926.74,867.106
763.553,795.788,752.271,713.993,591.099
884.835,886.044,962.198,877.18,977.912
656.374,452.088,587.473,653.15,551.612
895.714,1523.883,1135.458,931.978,827.619
815.531,471.026,667.253,761.941,830.037
858.242,986.374,813.114,841.319,756.703
730.513,1005.311,931.978,800.623,843.736
761.136,264.725,676.52,728.498,745.421
653.956,1058.095,939.634,686.593,800.22
863.48,1006.117,906.19,855.824,770
815.128,640.256,684.982,751.868,710.366
682.967,375.934,613.663,611.245,782.088
788.535,1236.19,962.601,840.916,740.989
927.546,868.718,819.963,922.308,724.469
871.941,207.509,585.055,790.952,873.553
768.388,1058.498,970.659,850.183,748.242
751.062,372.711,714.396,722.454,986.374
780.879,1010.147,927.949,792.967,684.176
810.696,528.645,658.388,729.707,676.117
834.066,697.07,637.033,821.172,745.421
746.63,855.421,869.524,729.304,593.516
779.67,687.802,713.187,712.381,653.15
786.52,1382.454,990,874.762,750.256
878.791,1352.637,952.125,930.769,921.099
797.802,1254.725,930.366,869.121,736.154
797.399,857.839,931.172,846.154,936.007
855.018,930.769,740.183,875.568,792.564
822.381,827.619,771.209,855.018,811.099
584.652,533.077,269.56,818.352,647.912
829.634,968.242,339.67,851.392,630.989
792.161,1198.315,790.147,828.425,733.736
813.919,1330.073,772.418,925.128,711.172
796.593,630.586,822.784,764.762,700.696
765.165,1012.967,809.487,869.927,765.971
739.377,668.059,803.443,807.07,968.645
778.462,1314.359,814.322,798.205,754.689
822.381,721.245,785.714,904.982,1013.37
809.084,1114.505,800.22,790.549,745.018
769.194,1314.762,813.516,855.824,742.601
788.535,247.802,817.546,738.571,937.216
817.546,182.125,806.667,770,964.212
806.667,824.799,790.147,754.689,711.172
807.875,994.029,766.374,888.462,831.648
836.484,1047.216,812.308,809.89,755.495
828.425,1127.802,780.476,879.597,865.092
884.432,803.443,854.212,794.579,722.051
770.806,1215.641,796.19,738.571,661.612
742.601,777.656,732.125,786.117,678.535
755.897,716.41,821.172,732.125,713.993
794.982,558.059,825.604,794.176,747.033
871.941,1445.714,793.773,850.989,769.597
820.366,557.253,745.824,798.608,755.495
879.194,869.121,886.044,788.132,700.293
802.234,1057.692,936.813,799.414,700.293
834.066,927.546,461.758,758.718,672.088
792.161,973.48,750.256,821.172,794.982
828.828,1295.824,601.172,830.44,693.846
832.857,924.725,938.425,815.531,832.051
796.19,720.037,473.443,770.403,763.956
1024.249,1620.586,1046.813,1176.96,799.414
853.004,1072.198,950.513,876.374,806.264
919.084,1158.425,1624.212,899.341,793.37
801.831,546.374,762.344,784.103,781.685
825.604,343.297,845.348,747.033,826.007
759.121,640.659,771.209,728.901,683.773
872.344,928.352,699.084,906.593,840.513
805.055,861.062,745.421,807.07,839.707
795.385,1140.293,745.018,753.077,691.831
857.436,1236.19,818.352,892.491,749.853
771.612,823.59,784.908,754.286,750.659
840.916,738.571,782.491,803.04,632.198
841.319,1045.604,784.908,833.26,823.187
262.308,0,444.835,180.11,759.927
799.414,1364.322,1007.326,878.791,723.663
773.626,477.07,593.919,682.161,648.315
849.78,1194.689,1047.619,899.744,812.711
864.286,1534.359,1088.718,892.491,900.952
869.927,1212.821,915.458,902.564,813.114
739.377,247.802,537.509,668.462,664.835
781.685,668.462,637.436,737.363,666.447
728.498,140.22,443.223,633.407,878.388
828.425,1294.615,1071.795,886.044,771.612
0,0,0,13.297,400.513
0,112.015,1286.557,0,0
168.425,155.128,70.11,147.07,318.315
